{
  "properties": {
    "connectionReferences": {
      "shared_microsoftforms": {
        "runtimeSource": "embedded",
        "connection": {
          "connectionReferenceLogicalName": "a3i_sharedmicrosoftforms_6077c"
        },
        "api": {
          "name": "shared_microsoftforms"
        }
      },
      "shared_sharepointonline": {
        "runtimeSource": "embedded",
        "connection": {
          "connectionReferenceLogicalName": "a3i_sharedsharepointonline_b7aba"
        },
        "api": {
          "name": "shared_sharepointonline"
        }
      }
    },
    "definition": {
      "$schema": "https://schema.management.azure.com/providers/Microsoft.Logic/schemas/2016-06-01/workflowdefinition.json#",
      "contentVersion": "1.0.0.0",
      "parameters": {
        "$connections": {
          "defaultValue": {},
          "type": "Object"
        },
        "$authentication": {
          "defaultValue": {},
          "type": "SecureObject"
        }
      },
      "triggers": {
        "When_a_new_response_is_submitted": {
          "splitOn": "@triggerOutputs()?['body/value']",
          "metadata": {
            "operationMetadataId": "6e40045a-076a-40ef-93a5-ff568c10ab07"
          },
          "type": "OpenApiConnectionWebhook",
          "inputs": {
            "host": {
              "connectionName": "shared_microsoftforms",
              "operationId": "CreateFormWebhook",
              "apiId": "/providers/Microsoft.PowerApps/apis/shared_microsoftforms"
            },
            "parameters": {
              "form_id": "pMzyl4mYdk6zYJ17Vi32hQFv0Q4iUuhGuA0k6o0cbjJUNTg4RFo2OVU3TEk3MTE3TEpZUjZOTTUyUi4u"
            },
            "authentication": "@parameters('$authentication')"
          }
        }
      },
      "actions": {
        "Get_response_details": {
          "runAfter": {},
          "metadata": {
            "operationMetadataId": "23a6611d-7266-4b4d-a41c-cc518120bf0c"
          },
          "type": "OpenApiConnection",
          "inputs": {
            "host": {
              "connectionName": "shared_microsoftforms",
              "operationId": "GetFormResponseById",
              "apiId": "/providers/Microsoft.PowerApps/apis/shared_microsoftforms"
            },
            "parameters": {
              "form_id": "pMzyl4mYdk6zYJ17Vi32hQFv0Q4iUuhGuA0k6o0cbjJUNTg4RFo2OVU3TEk3MTE3TEpZUjZOTTUyUi4u",
              "response_id": "@triggerOutputs()?['body/resourceData/responseId']"
            },
            "authentication": "@parameters('$authentication')"
          }
        },
        "Create_item": {
          "runAfter": {
            "Get_response_details": [
              "Succeeded"
            ]
          },
          "metadata": {
            "operationMetadataId": "67313b7b-5421-432c-a957-7b5809bc6d1d"
          },
          "type": "OpenApiConnection",
          "inputs": {
            "host": {
              "connectionName": "shared_sharepointonline",
              "operationId": "PostItem",
              "apiId": "/providers/Microsoft.PowerApps/apis/shared_sharepointonline"
            },
            "parameters": {
              "dataset": "https://all3media.sharepoint.com/sites/A3I-HumanResources",
              "table": "d12b1c54-5e22-4213-95df-ce4e95847755",
              "item/Feedback": "@outputs('Get_response_details')?['body/rfb4642901fad43d18840b6703142c5cb']",
              "item/NewsFeedback": "@outputs('Get_response_details')?['body/r908358362ab14b3a86179ba9f5aaded7']",
              "item/NewslettertoInbox": "@outputs('Get_response_details')?['body/rb202e38e06594f21a44502abf85914b8']"
            },
            "authentication": "@parameters('$authentication')"
          }
        }
      }
    },
    "templateName": ""
  },
  "schemaVersion": "1.0.0.0"
}